{
  "project_info": {
    "project_number": "693950676914",
    "firebase_url": "https://snakevsblocks-1cec1.firebaseio.com",
    "project_id": "snakevsblocks-1cec1",
    "storage_bucket": "snakevsblocks-1cec1.appspot.com"
  },
  "client": [
    {
      "client_info": {
        "mobilesdk_app_id": "1:693950676914:android:4c362f9c62f2e747",
        "android_client_info": {
          "package_name": "com.example.vidit.snakevsblockcompanionapp"
        }
      },
      "oauth_client": [
        {
          "client_id": "693950676914-fr3lb2mqda9dmtn89khbavbj2u68fb0c.apps.googleusercontent.com",
          "client_type": 1,
          "android_info": {
            "package_name": "com.example.vidit.snakevsblockcompanionapp",
            "certificate_hash": "abf1ba0db982ee9922616c4f0ed76ed73831a6e3"
          }
        },
        {
          "client_id": "693950676914-dao53qoq6t6k422pkj0ngt3p1v7va8kr.apps.googleusercontent.com",
          "client_type": 3
        }
      ],
      "api_key": [
        {
          "current_key": "AIzaSyAn4nVLy35OoqxsCD8tn1yVURZGNacl5zk"
        }
      ],
      "services": {
        "analytics_service": {
          "status": 1
        },
        "appinvite_service": {
          "status": 2,
          "other_platform_oauth_client": [
            {
              "client_id": "693950676914-dao53qoq6t6k422pkj0ngt3p1v7va8kr.apps.googleusercontent.com",
              "client_type": 3
            }
          ]
        },
        "ads_service": {
          "status": 2
        }
      }
    }
  ],
  "configuration_version": "1"
}